id,label_type,WER_clean,WER_baseline
10250,word_rep,1.6,0.1
10205,word_rep,0.0,0.0
10078,word_rep,0.0,0.0
10232,word_rep,0.07692307692307693,0.07692307692307693
10087,word_rep,0.0,0.0
10053,word_rep,0.1111111111111111,0.1111111111111111
1012,word_rep,0.25,0.25
1034,word_rep,0.16666666666666666,0.16666666666666666
10075,word_rep,0.0,0.0
10134,word_rep,0.07692307692307693,0.07692307692307693
10289,word_rep,0.0,0.0
10096,word_rep,0.0,0.0
10337,word_rep,0.0,0.0
10300,word_rep,0.0,0.0
10241,word_rep,0.0,0.0
10276,word_rep,0.16666666666666666,0.16666666666666666
10128,word_rep,0.0,0.0
10319,word_rep,0.3333333333333333,0.3333333333333333
10025,word_rep,0.0,0.0
10012,word_rep,0.0,0.0
10178,word_rep,0.0,0.0
10039,word_rep,0.0,0.0
10187,word_rep,0.0,0.0
10196,word_rep,0.06666666666666667,0.06666666666666667
10082,word_rep,0.08333333333333333,0.08333333333333333
10,word_rep,1.0,0.0
10323,word_rep,0.0,0.0
10169,word_rep,0.08333333333333333,0.08333333333333333
10281,word_rep,0.0,0.0
10117,word_rep,0.0,0.0
10249,word_rep,0.2857142857142857,0.2857142857142857
10175,word_rep,0.09090909090909091,0.0
10004,word_rep,0.15384615384615385,0.15384615384615385
10313,word_rep,0.0,0.0
10085,word_rep,0.0,0.0
10180,word_rep,0.0,0.0
10094,word_rep,0.0,0.0
10148,word_rep,0.07692307692307693,0.07692307692307693
10088,word_rep,0.07142857142857142,0.07142857142857142
10154,word_rep,0.0625,0.0625
10077,word_rep,0.0,0.0
10136,word_rep,0.16666666666666666,0.0
10101,word_rep,0.0,0.0
10022,word_rep,0.0,0.0
1018,word_rep,0.0,0.0
10045,word_rep,0.0,0.0
10151,word_rep,0.0625,0.0
10010,word_rep,0.0,0.0
10027,word_rep,0.0,0.0
10104,word_rep,0.0,0.0
10133,word_rep,0.0,0.0
10115,word_rep,0.07142857142857142,0.07142857142857142
10229,word_rep,0.0,0.0
10260,word_rep,0.125,0.125
10257,word_rep,0.0,0.0
10202,word_rep,0.06666666666666667,0.06666666666666667
10291,word_rep,0.0,0.0
10071,word_rep,0.14285714285714285,0.14285714285714285
10318,word_rep,0.0,0.0
1030,word_rep,0.0,0.0
10092,word_rep,0.0,0.0
10210,word_rep,0.0,0.0
10038,word_rep,0.0,0.0
10245,word_rep,0.0,0.0
10236,word_rep,0.0,0.0
10083,word_rep,0.0,0.0
1021,word_rep,0.0,0.0
10310,word_rep,0.0,0.0
10233,word_rep,0.0,0.0
101,word_rep,0.0,0.0
10146,word_rep,0.0,0.0
10074,word_rep,0.0,0.0
10102,word_rep,0.0,0.0
10016,word_rep,0.0,0.0
10294,word_rep,0.0,0.0
10068,word_rep,0.0,0.0
10277,word_rep,0.14285714285714285,0.14285714285714285
10288,word_rep,0.0,0.0
10306,word_rep,0.0,0.0
10058,word_rep,0.0,0.0
10212,word_rep,0.0,0.0
10247,word_rep,0.0,0.0
10270,word_rep,0.0,0.0
10123,word_rep,0.09090909090909091,0.09090909090909091
10000,word_rep,0.0,0.0
1014,word_rep,0.0,0.0
10062,word_rep,0.07142857142857142,0.07142857142857142
10287,word_rep,0.0,0.0
10032,word_rep,1.0,0.0
10126,word_rep,0.0,0.0
10067,word_rep,0.0,0.0
10173,word_rep,0.0,0.0
1026,word_rep,0.0,0.0
10019,word_rep,0.06666666666666667,0.06666666666666667
10325,word_rep,0.0,0.0
10334,word_rep,0.0,0.0
10149,word_rep,1.0,0.0
10155,word_rep,0.0,0.0
10162,word_rep,0.0,0.0
10269,word_rep,0.16666666666666666,0.16666666666666666
1039,word_ins,0.0,0.0
1187,word_ins,0.0,0.0
10006,word_ins,0.0,0.0
1012,word_ins,0.0,0.0
1034,word_ins,0.2,0.2
1120,word_ins,0.0,0.0
1056,word_ins,0.0,0.0
1061,word_ins,0.0,0.0
10020,word_ins,0.0,0.0
1169,word_ins,0.0,0.0
1125,word_ins,0.0,0.0
1170,word_ins,0.0,0.0
1053,word_ins,0.0,0.0
108,word_ins,0.09523809523809523,0.09523809523809523
1139,word_ins,0.0,0.0
1096,word_ins,0.0,0.0
10028,word_ins,0.0,0.0
119,word_ins,0.0,0.0
1128,word_ins,0.0,0.0
1042,word_ins,0.0,0.0
10003,word_ins,0.0,0.0
1161,word_ins,0.1,0.1
1020,word_ins,0.0,0.0
1017,word_ins,0.0,0.0
105,word_ins,0.0,0.0
1103,word_ins,0.0,0.0
1045,word_ins,0.0,0.0
1072,word_ins,0.0,0.0
102,word_ins,0.0,0.0
1118,word_ins,0.0,0.0
1185,word_ins,0.0,0.0
1048,word_ins,0.0,0.0
1036,word_ins,0.0,0.0
10022,word_ins,0.1111111111111111,0.1111111111111111
10015,word_ins,0.0,0.0
1140,word_ins,0.0,0.0
1018,word_ins,0.0,0.0
1159,word_ins,0.0,0.0
1127,word_ins,0.0,0.0
1033,word_ins,0.0,0.0
1145,word_ins,0.0,0.0
10010,word_ins,0.0,0.0
10027,word_ins,0.0,0.0
1051,word_ins,0.0,0.0
1,word_ins,0.125,0.125
1088,word_ins,0.0,0.0
1022,word_ins,0.0,0.0
1101,word_ins,0.0,0.0
1094,word_ins,0.0,0.0
1009,word_ins,0.0,0.0
1113,word_ins,0.0,0.0
1007,word_ins,0.0,0.0
10024,word_ins,0.0,0.0
1146,word_ins,0.0,0.0
10013,word_ins,0.1,0.1
1065,word_ins,0.0,0.0
1052,word_ins,0.0,0.0
1086,word_ins,0.0,0.0
1138,word_ins,0.0,0.0
109,word_ins,0.0,0.0
1074,word_ins,0.0,0.0
10002,word_ins,0.0,0.0
1160,word_ins,0.0,0.0
1021,word_ins,0.0,0.0
1186,word_ins,0.0,0.0
1046,word_ins,0.0,0.0
1107,word_ins,0.2,0.2
1130,word_ins,0.0,0.0
101,word_ins,0.0,0.0
1035,word_ins,0.0,0.0
10016,word_ins,0.0,0.0
1174,word_ins,0.0,0.0
1029,word_ins,0.0,0.0
1084,word_ins,0.0,0.0
1019,word_ins,0.0,0.0
1098,word_ins,0.0,0.0
1032,word_ins,0.0,0.0
10011,word_ins,0.0,0.0
1173,word_ins,0.0,0.0
10026,word_ins,0.0,0.0
1076,word_ins,0.0,0.0
1041,word_ins,0.0,0.0
1023,word_ins,0.0,0.0
1100,word_ins,0.0,0.0
106,word_ins,0.0,0.0
1089,word_ins,0.0,0.0
1149,word_ins,0.0,0.0
1008,word_ins,0.0,0.0
1181,word_ins,0.0,0.0
10005,word_ins,0.0,0.0
1167,word_ins,0.0,0.0
1044,word_ins,0.0,0.0
1073,word_ins,0.0,0.0
1026,word_ins,0.0,0.0
1184,word_ins,0.0,0.0
1058,word_ins,0.0,0.0
1119,word_ins,0.0,0.0
1000,word_ins,0.0,0.0
1141,word_ins,0.0,0.0
10014,word_ins,0.0,0.0
1226,word_del,0.0,0.0
1178,word_del,0.0,0.0
1039,word_del,0.0,0.0
1012,word_del,0.0,0.0
1034,word_del,0.0,0.0
1003,word_del,0.0,0.0
1117,word_del,0.0,0.0
1061,word_del,0.0,0.0
1175,word_del,0.0,0.0
1196,word_del,0.0,0.0
123,word_del,0.0,0.0
114,word_del,0.0,0.0
1125,word_del,0.0,0.0
1006,word_del,0.0,0.0
1064,word_del,0.14285714285714285,0.14285714285714285
1053,word_del,0.0,0.0
1087,word_del,0.0,0.0
1075,word_del,0.0,0.0
1156,word_del,0.0,0.0
1103,word_del,0.0,0.0
1151,word_del,0.0,0.0
1166,word_del,1.0,0.0
1045,word_del,0.0,0.0
102,word_del,0.0,0.0
1027,word_del,0.0,0.0
1059,word_del,0.0,0.0
1118,word_del,0.0,0.0
1185,word_del,0.0,0.0
1080,word_del,0.0,0.0
1109,word_del,2.0,0.14285714285714285
1036,word_del,0.0,0.0
1122,word_del,0.0,0.0
1063,word_del,0.0,0.0
1229,word_del,0.0,0.0
1230,word_del,0.0,0.0
1159,word_del,0.0,0.0
1191,word_del,0.0,0.0
1085,word_del,0.0,0.0
116,word_del,0.0,0.0
121,word_del,0.0,0.0
1110,word_del,0.0,0.0
1033,word_del,0.0,0.0
1,word_del,0.0,0.0
1088,word_del,0.0,0.0
1163,word_del,0.0,0.0
1015,word_del,0.0,0.0
1022,word_del,0.0,0.0
1101,word_del,0.0,0.0
1136,word_del,0.0,0.0
107,word_del,0.0,0.0
1094,word_del,0.0,0.0
1180,word_del,0.0,0.0
1216,word_del,0.0,0.0
1124,word_del,0.0,0.0
1171,word_del,0.0,0.0
1146,word_del,0.0,0.0
1065,word_del,0.0,0.0
1086,word_del,0.0,0.0
1138,word_del,0.0,0.0
1204,word_del,0.0,0.0
1079,word_del,0.0,0.0
11,word_del,0.0,0.0
1129,word_del,0.0,0.0
1043,word_del,0.0,0.0
1209,word_del,0.0,0.0
1160,word_del,0.0,0.0
1135,word_del,0.0,0.0
1227,word_del,0.0,0.0
1038,word_del,0.0,0.0
1071,word_del,0.0,0.0
101,word_del,0.0,0.0
1013,word_del,0.0,0.0
1121,word_del,0.0,0.0
1057,word_del,0.0,0.0
1174,word_del,0.0,0.0
1029,word_del,0.0,0.0
1201,word_del,0.0,0.0
1019,word_del,0.0,0.0
1206,word_del,0.0,0.0
1158,word_del,0.0,0.0
117,word_del,0.0,0.0
120,word_del,0.0,0.0
1144,word_del,0.0,0.0
1173,word_del,0.0,0.0
1050,word_del,0.0,0.0
1162,word_del,0.0,0.0
1023,word_del,0.0,0.0
106,word_del,0.0,0.0
1181,word_del,0.0,0.0
103,word_del,0.0,0.0
1132,word_del,0.0,0.0
1026,word_del,0.0,0.0
1108,word_del,0.0,0.0
1203,word_del,0.0,0.0
1081,word_del,0.09090909090909091,0.0
1195,word_del,0.0,0.0
1114,word_del,0.0,0.0
112,word_del,0.0,0.0
1123,word_del,0.0,0.0
1055,word_del,0.0,0.0
1093,word_pau,0.0,0.0
1153,word_pau,0.0,0.0
1070,word_pau,0.0,0.0
1012,word_pau,0.0,0.0
1025,word_pau,0.0,0.0
1120,word_pau,0.0,0.0
1056,word_pau,0.0,0.0
1061,word_pau,0.5,0.0
1142,word_pau,0.0,0.0
1082,word_pau,0.0,0.0
1125,word_pau,0.0,0.0
1031,word_pau,0.0,0.0
1170,word_pau,0.0,0.0
1147,word_pau,0.0,0.0
1064,word_pau,0.0,0.0
1087,word_pau,0.0,0.0
1096,word_pau,0.0,0.0
1069,word_pau,0.0,0.0
10,word_pau,0.2222222222222222,0.0
1042,word_pau,0.0,0.0
105,word_pau,0.0,0.0
1134,word_pau,0.0,0.0
1103,word_pau,0.0,0.0
1166,word_pau,0.0,0.0
1045,word_pau,0.0,0.0
1072,word_pau,0.16666666666666666,0.0
1133,word_pau,0.0,0.0
102,word_pau,0.0,0.0
1104,word_pau,0.0,0.0
1091,word_pau,0.0,0.0
1080,word_pau,0.0,0.0
1109,word_pau,0.0,0.0
1054,word_pau,0.0,0.0
1140,word_pau,0.0,0.0
1127,word_pau,0.0,0.0
1110,word_pau,0.0,0.0
1033,word_pau,0.0,0.0
1004,word_pau,0.0,0.0
1051,word_pau,0.0,0.0
1066,word_pau,0.0,0.0
1099,word_pau,0.0,0.0
1077,word_pau,0.0,0.0
1040,word_pau,0.0,0.0
107,word_pau,0.0,0.0
1148,word_pau,0.0,0.0
1009,word_pau,0.0,0.0
1113,word_pau,0.0,0.0
1124,word_pau,0.0,0.0
115,word_pau,0.0,0.0
1007,word_pau,0.0,0.0
1171,word_pau,0.0,0.0
1065,word_pau,0.16666666666666666,0.0
1052,word_pau,0.0,0.0
1086,word_pau,0.0,0.0
1079,word_pau,0.0,0.0
11,word_pau,0.0,0.0
1043,word_pau,0.0,0.0
1157,word_pau,0.0,0.0
1160,word_pau,0.0,0.0
1016,word_pau,0.0,0.0
104,word_pau,0.0,0.0
1102,word_pau,0.0,0.0
1092,word_pau,0.0,0.0
1165,word_pau,0.0,0.0
1107,word_pau,0.0,0.0
101,word_pau,0.0,0.0
1013,word_pau,0.0,0.0
1002,word_pau,0.0,0.0
1116,word_pau,0.0,0.0
1057,word_pau,0.16666666666666666,0.16666666666666666
1060,word_pau,0.0,0.0
1143,word_pau,0.0,0.0
1084,word_pau,0.0,0.0
1019,word_pau,0.0,0.0
1158,word_pau,0.0,0.0
1098,word_pau,0.0,0.0
117,word_pau,0.0,0.0
1111,word_pau,0.0,0.0
1005,word_pau,0.0,0.0
1050,word_pau,0.0,0.0
1076,word_pau,0.0,0.0
1162,word_pau,0.0,0.0
1100,word_pau,0.0,0.0
1137,word_pau,0.0,0.0
1089,word_pau,0.0,0.0
1149,word_pau,0.0,0.0
1150,word_pau,0.0,0.0
1167,word_pau,0.0,0.0
1044,word_pau,0.0,0.0
1132,word_pau,0.0,0.0
1105,word_pau,0.0,0.0
1058,word_pau,0.0,0.0
1119,word_pau,0.0,0.0
1108,word_pau,0.0,0.0
1049,word_pau,0.0,0.0
1037,word_pau,0.5555555555555556,0.0
112,word_pau,0.0,0.0
1123,word_pau,0.0,0.0
1062,word_pau,0.0,0.0
1055,word_pau,0.0,0.0
1164,word_sub,0.0,0.0
1153,word_sub,0.0,0.0
1070,word_sub,0.0,0.0
1106,word_sub,0.0,0.0
100,word_sub,0.0,0.0
1034,word_sub,0.0,0.0
1003,word_sub,0.0,0.0
1061,word_sub,0.0,0.0
1082,word_sub,0.0,0.0
1196,word_sub,0.0,0.0
1125,word_sub,1.0,0.2857142857142857
1147,word_sub,0.0,0.0
1064,word_sub,0.0,0.0
1053,word_sub,0.0,0.0
1193,word_sub,0.0,0.0
1087,word_sub,0.0,0.0
1069,word_sub,0.0,0.0
119,word_sub,0.0,0.0
1128,word_sub,0.0,0.0
1075,word_sub,0.0,0.0
1156,word_sub,0.0,0.0
1161,word_sub,0.0,0.0
1020,word_sub,0.0,0.0
1017,word_sub,0.0,0.0
105,word_sub,0.0,0.0
1166,word_sub,0.0,0.0
1045,word_sub,0.0,0.0
1072,word_sub,0.0,0.0
102,word_sub,0.0,0.0
1010,word_sub,0.0,0.0
1199,word_sub,0.0,0.0
1080,word_sub,0.0,0.0
1194,word_sub,0.0,0.0
1001,word_sub,0.0,0.0
1115,word_sub,0.0,0.0
1122,word_sub,0.0,0.0
113,word_sub,0.0,0.0
1127,word_sub,0.0,0.0
1004,word_sub,0.0,0.0
1145,word_sub,0.0,0.0
1099,word_sub,0.0,0.0
1,word_sub,0.0,0.0
1154,word_sub,0.0,0.0
1101,word_sub,0.0,0.0
1136,word_sub,0.0,0.0
107,word_sub,0.0,0.0
1094,word_sub,0.0,0.0
1180,word_sub,0.0,0.0
12,word_sub,0.0,0.0
1113,word_sub,0.0,0.0
115,word_sub,0.0,0.0
1007,word_sub,0.0,0.0
1146,word_sub,0.4,0.4
1065,word_sub,0.0,0.0
1052,word_sub,0.0,0.0
1192,word_sub,0.0,0.0
109,word_sub,0.0,0.0
1068,word_sub,0.0,0.0
1129,word_sub,0.0,0.0
118,word_sub,0.0,0.0
1097,word_sub,0.0,0.0
1183,word_sub,0.0,0.0
1043,word_sub,0.0,0.0
1021,word_sub,0.0,0.0
1016,word_sub,0.0,0.0
1135,word_sub,0.0,0.0
104,word_sub,0.0,0.0
1092,word_sub,0.0,0.0
1165,word_sub,0.0,0.0
1071,word_sub,0.0,0.0
1035,word_sub,0.0,0.0
1060,word_sub,0.0,0.0
1143,word_sub,0.0,0.0
1029,word_sub,0.0,0.0
1197,word_sub,0.0,0.0
1084,word_sub,0.0,0.0
117,word_sub,0.0,0.0
1005,word_sub,0.0,0.0
1041,word_sub,0.0,0.0
1162,word_sub,0.0,0.0
1100,word_sub,0.0,0.0
1137,word_sub,0.0,0.0
1089,word_sub,0.0,0.0
1095,word_sub,0.0,0.0
1198,word_sub,0.0,0.0
1150,word_sub,0.0,0.0
1044,word_sub,0.0,0.0
1073,word_sub,0.0,0.0
1105,word_sub,0.0,0.0
1011,word_sub,0.0,0.0
1184,word_sub,0.0,0.0
1090,word_sub,0.0,0.0
1081,word_sub,0.0,0.0
1195,word_sub,0.0,0.0
1114,word_sub,0.0,0.0
112,word_sub,0.0,0.0
1123,word_sub,0.0,0.0
1062,word_sub,0.0,0.0
1141,word_sub,0.0,0.0
1189,word_sub,0.0,0.0
