transcript,true_label,pred_label,confidence,classify_reason,cleaned,explanation
the documentary highlights importance of Bader Vs. T in maintaining ecological balance.,DEL,DEL,0.8,"The word 'Bader' is likely a deleted word, as it appears to be a proper noun or title that was intended to be part of the original phrase.",The documentary highlights the importance of biodiversity versus technology in maintaining ecological balance.,"A great example!

1. The specific dysfluency detected is a Delayed Initiation of Speech (DEL), which occurs at the beginning of the sentence, specifically after the word ""the"". This indicates that the individual may have had difficulty starting to speak or articulating their thoughts.
2. The likely correction is replacing ""Bader Vs."" with ""biodiversity versus technology"", as it's a more accurate and clear phrase to convey the intended meaning. This correction addresses the DEL by providing a smoother transition into the sentence, making it easier for the listener to follow the speaker's message."
She asked him whether he finished the report that was due by the end of the day.,DEL,NONE,1.0,No dysfluency detected in the given transcript.,She asked him if he had finished the report that was due by the end of the day.,"To the clinician:

No dysfluency was detected in the original transcript. However, as a speech-language pathology assistant, I would recommend making a minor modification to enhance clarity and naturalness of communication.

The likely correction is replacing ""whether"" with ""if"". This change is suggested because ""whether"" can sometimes sound more formal or stilted in informal conversations, whereas ""if"" is a more common and conversational way to ask about completion of a task."
The professor explained the exam which cover all the material discussed in class this semester.,DEL,DEL,0.8,"The word 'the' is missing before 'material', which should be present in the original sentence.",The professor explained that the exam covers all the material we've discussed in class this semester.,"A great example of a common dysfluency!

1. The specific dysfluency detected is a deletion (DEL) at the beginning of the sentence, specifically ""that"" which was omitted.
2. The likely correction is to insert ""that"" before ""the exam covers"", as it's a crucial word that clarifies the relationship between the professor's explanation and the exam's scope."
I have working on this project for three months and this finally nearing completion.,DEL,PAU,0.8,"The short pause between 'nearing' and 'completion' is an unnatural filler, indicating a momentary hesitation in the speaker's fluency.","I've been working on this project for three months, and it's finally nearing completion.","A PAU (Prolonged Audible Unvoiced) dysfluency was detected at the beginning of the original transcript, specifically on the word ""have"". This indicates that the speaker prolonged the initial /h/ sound, making it audible to the listener.

The likely correction is replacing the word ""have"" with the contraction ""I've"", which is a more natural and fluent way of expressing the idea. This correction addresses the PAU dysfluency by reducing the duration of the initial /h/ sound, resulting in a smoother and more effortless speech pattern."
"The movie was so boring, I fell asleep halfway through a misty ending.",DEL,PAU,0.8,"The short utterance 'a misty ending' is an unusual phrase structure, suggesting a pause or filler word may have been present",The movie was so boring that I fell asleep halfway through.,"A PAU (Prolonged Audible Unvoiced) dysfluency was detected in the original transcript, occurring between ""so"" and ""boring"". This indicates a slight hesitation or prolongation of the sound /s/ before articulating the word ""boring"". The likely correction is to remove the pause and connect the words smoothly, resulting in the corrected sentence: ""The movie was so boring that I fell asleep halfway through."""
She wondered the restaurant would be open on Christmas Day.,DEL,DEL,0.8,"The word 'if' is missing from the original sentence, which would typically include a conditional phrase like 'if it's Christmas Day'.",She wondered if the restaurant would be open on Christmas Day.,"A great example of a common dysfluency!

1. The specific dysfluency detected is a Delayed Initiation (DEL) dysfluency, occurring at the beginning of the sentence (""She wondered...""). This means that there was a noticeable pause or hesitation before the speaker initiated their utterance.
2. The likely correction is to add the word ""if"" to the sentence, making it ""She wondered if the restaurant would be open on Christmas Day."" This correction addresses the DEL dysfluency by providing a more natural and fluent way of expressing the speaker's thought."
She inquired I had received the invitation to the wedding.,DEL,INS,0.8,"The word 'inquired' is not a typical verb to use in this context, and the phrase 'I had received' seems out of place, suggesting an inserted word that disrupts the normal sentence structure.",She asked if I had received the invitation to the wedding.,"A great example of an INS (Interrupted Sentence) dysfluency!

1. The specific dysfluency detected is an Interrupted Sentence, occurring at the beginning of the sentence (""She inquired""). This indicates that the speaker started to formulate a sentence but then paused or restarted, resulting in an unnatural phrasing.
2. The likely correction is replacing ""inquired"" with ""asked"", as it's more idiomatic and natural in this context. This change addresses the INS dysfluency by providing a smoother transition into the rest of the sentence, making it easier to understand and communicate effectively."
The research is conducting experiments on renewable energy sources.,DEL,NONE,1.0,No dysfluency detected in the given transcript.,The research is conducting experiments on renewable energy sources.,"No dysfluency was detected in this original transcript. The speaker's utterance appears to be fluent and natural, with no noticeable disruptions or abnormalities in articulation, prosody, or rhythm. Therefore, there is no need for correction."
She explained that she would wait for dinner because of the heavy traffic on the highway.,DEL,NONE,1.0,No dysfluency detected in the given transcript.,"Because of the heavy traffic on the highway, she will wait for dinner.","No dysfluency was detected in this original transcript. The sentence appears to be grammatically correct and fluent.

Therefore, there is no need for a correction."
More master 5 finished my homework before going out with friends.,DEL,DEL,0.8,The word 'my' is missing from the original sentence.,More than half of my friends finished their homework before going out.,"A great example!

1. A deletion (DEL) dysfluency was detected at the beginning of the sentence, specifically with the phrase ""More master"". The speaker omitted the correct word ""than"" and replaced it with an incorrect word ""master"", resulting in a grammatically incorrect sentence.
2. The likely correction is to replace ""More master"" with ""More than"", which would result in the corrected sentence: ""More than half of my friends finished their homework before going out."" This correction addresses the deletion dysfluency by inserting the correct word ""than"" and restoring the original meaning of the sentence."
the patient instructed to take the medication twice daily for 10 days.,DEL,REP,0.8,"The word 'the' is repeated, which is an unusual pattern in normal speech.",The patient was instructed to take the medication twice daily for 10 days.,"A REP (repetition) dysfluency was detected at the beginning of the original transcript, specifically with the word ""the"". This repetition indicates a momentary hesitation or struggle to initiate speech.

The likely correction is to change the repeated ""the"" to a single instance, as seen in the corrected version (""The patient...""). This correction aims to normalize the speech pattern and reduce the dysfluency, allowing for smoother and more natural communication."
"The teachers explained the concept, the students still didn't understand.",DEL,REP,0.8,"The repeated use of 'the' suggests word repetition, with the same definite article appearing twice in a row.","The teachers explained the concept, but the students still didn't get it.","A REP (repetition) dysfluency was detected at the end of the original transcript: ""The teachers explained the concept, the students still didn't understand."" The repetition of ""didn't"" is an example of a verbal dysfluency.

The likely correction is to replace the repeated phrase with a more natural and fluent way of expressing the idea. In this case, adding the word ""but"" (indicating a contrast) and rephrasing the sentence to ""The teachers explained the concept, but the students still didn't get it."" This correction aims to improve fluency by reducing the repetition and making the sentence sound more natural and conversational."
The project team working on the new design for the company website.,DEL,NONE,1.0,No dysfluency detected in the given transcript.,The project team is working on the new design for the company's website.,"A great example of a minor linguistic error!

1. The specific dysfluency detected is an article omission (no ""s"" after ""company""). This occurs at the end of the sentence, specifically in the phrase ""for the company website"".
2. The likely correction is adding the possessive apostrophe (""'s"") to indicate that the website belongs to the company. This correction is necessary to maintain grammatical accuracy and clarity in written communication."
they were discussing to go to the beach or the mountains.,DEL,INS,0.8,The word 'to' is inserted unnecessarily between the verb 'were discussing' and the preposition 'go'.,They were discussing whether to go to the beach or the mountains.,"A great example of a common dysfluency!

1. The specific dysfluency detected is an Ins (Insertion), which occurs when an individual inserts an unnecessary word or sound into their speech, in this case, ""to"" before the verb ""discussing"". This insertion disrupts the normal flow of speech and can be indicative of a struggle to articulate thoughts.
2. The likely correction is to remove the inserted word (""to"") and replace it with the correct phrase (""whether""), which is a more natural and grammatically accurate way to express the idea."
We need to submit report by the end of this week.,DEL,REP,0.8,"The word 'the' is repeated in the phrase 'by the end of this week', which is an unusual occurrence.",We need to submit our report by the end of this week.,"A REP (repetition) dysfluency was detected in the original transcript, specifically in the phrase ""We need to submit"". The speaker repeated the word ""to"" before moving forward with the rest of the sentence. The likely correction is adding the possessive pronoun ""our"" to clarify that the report being referred to belongs to a specific group or individual. This correction aims to improve clarity and reduce potential confusion for the listener."
The new smartphone features a larger screen and improved battery life.,REP,NONE,1.0,No dysfluency detected in the given transcript.,The new smartphone features a larger screen and significantly improved battery life.,"To the clinician:

A minor dysfluency was detected in the original transcript: ""The new smartphone features a larger screen and improved battery life."" Specifically, the phrase ""improved"" may be perceived as an understatement or vague description of the battery life enhancement.

The likely correction is to replace ""improved"" with ""significantly improved,"" which provides more specificity and emphasis on the magnitude of the improvement. This change aims to enhance the clarity and effectiveness of the message by providing a more concrete and measurable description of the battery life upgrade."
They will will arrive tomorrow.,REP,REP,1.0,"The word 'will' is repeated, indicating a case of word repetition.",They will arrive tomorrow.,"A great example of a simple yet effective correction!

For your review:

1. The specific dysfluency detected is Repetition (REP), which occurred at the beginning of the sentence, with the word ""will"" being repeated as ""They will will arrive tomorrow.""
2. The likely correction is to remove the redundant ""will"" and simplify the sentence to ""They will arrive tomorrow."" This correction aims to eliminate the unnecessary repetition, making the speech more natural and fluent."
The new employee orientation program will be conducted,REP,REP,0.8,The repeated 'the' at the beginning of the sentence is a strong indication of word repetition.,The new employee orientation program will take place,"A great example of a common dysfluency!

1. The specific dysfluency detected is Repetition (REP), which occurred at the end of the sentence, specifically with the word ""program"". The speaker repeated the word ""program"" instead of providing a more typical conclusion to the sentence.
2. The likely correction is replacing ""will be conducted"" with ""will take place"", as it provides a more natural and idiomatic way to conclude the sentence. This change addresses the REP dysfluency by eliminating the unnecessary repetition and creating a smoother sentence flow."
virtually due to current circumstances.,REP,REP,0.8,The word 'the' is repeated in the phrase 'virtually due to current circumstances.',Due to current circumstances.,"A great example of a common speech error!

1. The specific dysfluency detected is Repetition (REP), which occurred at the beginning of the sentence, specifically with the word ""virtually"". This indicates that the individual may be relying on filler words or phrases to fill pauses in their speech.
2. The likely correction is removing the unnecessary word ""virtually"" and replacing it with a more concise phrase, such as ""Due to current circumstances."" This correction aims to simplify the sentence structure and reduce the reliance on filler words, promoting clearer and more efficient communication."
"If we had invested in that startup, we would have seen significant returns by now.",REP,NONE,1.0,No dysfluency detected in the given transcript.,"If we had invested in that startup, we would have seen significant returns by this time.","Here's the explanation:

1. No dysfluency was detected in the original transcript. The speaker's utterance appears to be fluent.
2. Since no dysfluency was present, there is no need for a correction. The original sentence ""If we had invested in that startup, we would have seen significant returns by now"" is considered fluent and grammatically correct."
darad wneud yr temp ar ffyniad cael ei ard ..,REP,DEL,0.8,The word 'darad' is not a typical Welsh phrase and the sentence structure suggests that a word or phrase may be missing.,Can you do your temperature on the feedback to get it right?,"A delightful example of dysfluency!

1. The specific dysfluency detected is a Delayed Articulation (DEL) error, occurring at the beginning of the sentence (""darad"" instead of ""Can""). This indicates that the individual had difficulty articulating the initial sound or syllable.
2. The likely correction is replacing ""darad"" with ""Can"", as it's a more natural and fluent way to start the sentence. This suggests that the individual may have been struggling to initiate speech or was experiencing a brief pause before producing the first sound, resulting in the delayed articulation error."
How may I I assist you today?,REP,REP,0.8,The repeated 'I' suggests a word repetition pattern.,How can I assist you today?,"A REP (repetition) dysfluency was detected in the original transcript, specifically in the phrase ""How may I I assist you today?"" The repetition of the letter ""I"" indicates a momentary hesitation or struggle to articulate the correct word.

The likely correction is replacing the repeated ""I"" with the single instance of ""I"", resulting in the corrected sentence ""How can I assist you today?"". This correction aims to eliminate the unnecessary repetition and promote smoother speech flow."
Please submit your report soon.,REP,NONE,1.0,No dysfluency detected in the given transcript.,Please submit your report as soon as possible.,"A review of the original transcript reveals no detectable dysfluency.

However, as a speech-language pathology assistant, I would recommend suggesting a minor modification to enhance clarity and naturalness: ""Please submit your report as soon as possible."" This corrected version addresses the potential ambiguity in the original phrase by explicitly stating the intended meaning of ""soon""."
The company has been actively seeking new partnerships to expand its market reach.,REP,NONE,1.0,No dysfluency detected in the given transcript.,The company has been actively seeking out new partnerships to expand its market reach.,"To the clinician:

A subtle omission of the preposition ""out"" was detected at the end of the original sentence, specifically after the phrase ""seeking new partnerships"". This dysfluency may be indicative of a mild articulation or language processing difficulty.

The likely correction is to add the word ""out"" to the sentence, as it is a common and idiomatic expression in this context. The corrected sentence ""The company has been actively seeking out new partnerships to expand its market reach"" better conveys the intended meaning and is more natural-sounding."
I apologize for the inconvenience caused.,REP,NONE,1.0,The transcript does not exhibit any obvious dysfluency patterns.,I apologize for the inconvenience that was caused.,"To the clinician:

No dysfluency was detected in the original transcript. However, I recommend correcting the phrase ""caused"" to ""that was caused"" to improve grammatical accuracy and clarity. This change enhances the sentence's coherence by explicitly stating that the inconvenience is a result of an action or event, making it easier for listeners to understand the speaker's intended meaning."
The quarterly report indicates a 15%-15% increase in revenue.,REP,REP,0.8,The repeated percentage '15%-15%' suggests word repetition,The quarterly report indicates a 15 percent increase in revenue.,"A dysfluency has been detected in the original transcript, specifically a repetition error (REP) at the word ""15%-15%"". This indicates that the speaker may have unintentionally repeated the percentage sign, resulting in an awkward pause or hesitation.

The likely correction is to remove the second percentage sign and replace it with the word ""percent"", as seen in the corrected version: ""a 15 percent increase"". This correction aims to improve fluency by reducing the unnecessary repetition and creating a more natural flow of speech."
Can you explain how this new technology will benefit our customers?,REP,PAU,0.8,The utterance is short and the filler word 'you' could be considered an unnatural pause.,How will this new technology benefit our customers?,"A great example of a common speech disorder!

For your reference:

1. The specific dysfluency detected is a Pre-Vocalic Unstressed Syllable (PAU), which occurred at the beginning of the sentence (""Can you...""). This type of dysfluency often indicates hesitation or uncertainty.
2. The likely correction is to remove the unnecessary word ""can"" and start with a more direct question, as seen in the corrected version (""How will this new technology benefit our customers?""). This change simplifies the sentence structure and reduces the likelihood of further dysfluencies."
I've been trying to reach customer service for hours.,REP,PAU,0.8,"The utterance is short and natural, but the phrase 'for hours' could be considered a filler word to fill an unnatural pause.",I've been trying to reach customer service for hours now.,"A PAU (Prolonged Audible Unvoiced) dysfluency was detected at the end of the original transcript, specifically after the word ""hours"". This indicates that the speaker prolonged the sound /r/ for an abnormal amount of time before releasing it.

The likely correction is to add the word ""now"" to the end of the sentence. This is because PAUs often occur when speakers are pausing or hesitating before continuing with their thought, and adding a word like ""now"" can help to clarify the speaker's intended meaning and provide a sense of closure."
The latest smartphone model features a camera that takes stunning photos and low light.,REP,NONE,1.0,No dysfluency detected in the given transcript.,"The latest smartphone model features a camera that takes stunning photos, even in low light.","A review of the original transcript reveals no detectable dysfluency.

However, if we were to identify a potential area for improvement, it could be the phrase ""low light"" which may not be the most natural or clear way to express this idea. The likely correction would be to rephrase it as ""even in low light"", making the sentence more concise and easier to understand. This change aims to enhance the overall clarity of the message by using a more common idiomatic expression."
"Despite the economic uncertainties, our company has maintained a strong, strong market position.",REP,REP,0.8,"The word 'strong' is repeated, which is a characteristic of word repetition.","Despite the economic uncertainties, our company has maintained a strong market position.","A REP (repetition) dysfluency was detected in the original transcript, specifically in the phrase ""strong, strong"". This indicates that the speaker repeated the word ""strong"" unnecessarily, which may be a result of hesitation or uncertainty.

The likely correction is to remove the repetition and use only one instance of the word ""strong"", as seen in the corrected version. This is because the speaker's intended meaning is conveyed clearly with a single adjective, and the repetition does not add any additional information or emphasis."
Could you please explain the main features of the new software update?,REP,PAU,0.8,"The utterance contains a natural pause between 'please' and 'explain', which is not typical in fluent speech.",Could you please tell me about the key aspects of the new software update?,"A PAU (Prolonged Audible Unvoiced) dysfluency was detected at the beginning of the original transcript, specifically in the phrase ""Could you please"". This indicates that the individual prolonged the sound /k/ before speaking the rest of the sentence. The likely correction is to replace the PAU with a more natural and fluent articulation, such as ""Could you please"", which would result in a smoother and more efficient speech pattern."
Please fill out this form and return it to reception.,INS,PAU,0.8,The short utterance and lack of hesitation suggest a filler word was used to pause before speaking.,Please fill out this form and return it to reception.,"A PAU (Prolonged Audible Unvoiced) dysfluency was detected at the beginning of the original transcript, specifically on the word ""Please"". This indicates that the speaker prolonged the initial /p/ sound, making it audible to the listener. The likely correction is to maintain the normal pronunciation of the word ""Please"", as the PAU may be a habitual pattern or a result of anxiety or fatigue."
"Can you check the status, well, of my order?",INS,PAU,0.8,The utterance contains an unnatural pause ('well') that is not typical of normal speech.,Can you check the status of my order?,"A PAU (Prolonged Audible Unvoiced) dysfluency was detected at the beginning of the original transcript, specifically in the phrase ""Can you check"". This indicates that the individual prolonged or stretched out the sound /k/ before articulating the rest of the sentence. The likely correction is to remove this prolongation and pronounce the word normally as ""can"", resulting in the corrected version ""Can you check the status of my order?""."
We're having pasta like for dinner tonight.,INS,REP,0.8,"The word 'like' is repeated, which is an unusual phrase structure in this context.",We're having pasta for dinner tonight.,"A great example!

1. The specific dysfluency detected is Repetition (REP), which occurred at the beginning of the sentence, specifically with the word ""having"". The speaker repeated the phrase ""having"" instead of using a more typical phrasing.
2. The likely correction is to remove the redundant repetition and simplify the sentence structure. In this case, the corrected version would be ""We're having pasta for dinner tonight."" This change eliminates the unnecessary repetition and results in a more natural-sounding sentence."
The new software update will be installed tonight at...,INS,PAU,0.8,The short utterance and lack of a clear pause between words suggest an unnatural pause or filler word.,The new software update will be installed tonight at nine o'clock.,"A PAU (Prolonged Audible Unvoiced) dysfluency was detected at the beginning of the original transcript, specifically on the word ""The"". This indicates that the speaker prolonged the initial /th/ sound, making it audible to listeners.

The likely correction is to insert a brief pause or release of the /th/ sound, resulting in a more natural and fluent utterance. The corrected version, ""The new software update will be installed tonight at nine o'clock"", demonstrates this by allowing the speaker to smoothly articulate the initial consonant cluster without prolongation."
The literature review revealed like several gaps in current research.,INS,PAU,0.8,The filler word 'like' is an unnatural pause or filler word in the sentence.,The literature review revealed several gaps in current research.,"A PAU (Prolonged Unvoiced) dysfluency was detected at the beginning of the original transcript, specifically on the word ""like"". This indicates that the speaker prolonged the sound /l/ in the word ""like"" before articulating the rest of the sentence. The likely correction is to remove the unnecessary pause and articulate the word ""several"" directly after ""reviewed"", as it is a more natural and fluent way of speaking."
"We need to um, optimize the algorithm for better performance.",INS,PAU,0.8,The presence of the filler word 'um' indicates an unnatural pause in the speaker's utterance.,We need to optimize the algorithm for better performance.,"A PAU (pause) dysfluency was detected at the beginning of the original transcript, specifically before the word ""um"". This suggests that the speaker may be experiencing a brief hesitation or uncertainty before articulating their thought.

The likely correction is to remove the pause and start with the main message, which is ""We need to optimize the algorithm for better performance."" The reason for this correction is to improve the speaker's fluency and clarity by reducing unnecessary pauses, allowing them to convey their message more efficiently."
"I'd like to speak to a manager, please.",INS,PAU,0.8,The short utterance and the use of 'please' at the end suggest a pause or filler word is likely present.,"I'd like to speak to a manager, if you could.","A PAU (Prolonged Audible Unvoiced) dysfluency was detected at the beginning of the original transcript, specifically on the word ""I'd"". This indicates a slight hesitation or prolongation of the initial consonant sound /ɪ/ before the rest of the sentence is spoken. The likely correction is to add the phrase ""if you could"" to the end of the sentence, which would help to reduce the dysfluency by providing a more natural and fluent way to express the speaker's request."
We please allow the police to be able to apologize for the delay.,INS,REP,0.8,The repeated use of the word 'please' is a clear indication of word repetition.,We will allow the police to apologize for the delay.,"A great example of a common speech error!

1. The specific dysfluency detected is a Repetition (REP) error, which occurred at the beginning of the sentence (""We please...""). The speaker repeated the word ""please"" instead of using the correct verb form ""will"".
2. The likely correction is to replace ""please"" with ""will"", resulting in the corrected sentence ""We will allow the police to apologize for the delay."" This correction is based on the grammatical structure and meaning intended by the speaker, which is to express permission or consent rather than making a polite request."
We'll have as soon as we begin boarding as possible.,INS,REP,0.8,"The repeated use of 'as' in the transcript suggests word repetition, with the speaker likely intending to say 'We'll have as soon as we begin boarding' once.",We'll board as soon as we begin.,"A great example of a common dysfluency!

1. The specific dysfluency detected is Repetition (REP), which occurs when a sound, syllable, or word is repeated unnecessarily. In this case, the repetition is ""as soon as we begin"" being repeated as ""as soon as we begin boarding"".
2. The likely correction is to remove the unnecessary repetition and simplify the sentence to ""We'll board as soon as we begin"". This correction aims to eliminate the redundant phrase and improve the natural flow of speech, making it easier for listeners to follow."
Make sure to submit your assignment by the deadline.,INS,NONE,1.0,No dysfluency detected in the given transcript.,Submit your assignment by the deadline.,"No dysfluency was detected in the original transcript. The sentence ""Make sure to submit your assignment by the deadline"" appears to be fluent and natural-sounding, with no notable deviations from typical speech patterns. Therefore, there is no need for correction."
Emergency personnel will arrive on a scene shortly.,INS,PAU,0.8,The short utterance and lack of hesitation suggest a pause/filler word is present.,Emergency personnel will arrive at the scene shortly.,"A PAU (Preposition And Unnatural) dysfluency was detected at the beginning of the original transcript, specifically with the word ""on"" instead of ""at"". This suggests that the speaker may be struggling to articulate a preposition correctly. The likely correction is replacing ""on"" with ""at"", as it is more natural and common in this context, indicating the arrival of emergency personnel at a specific location (the scene)."
"If you see any suspicious activity like, report it to the authorities immediately.",INS,PAU,0.8,The filler word 'like' is an unnatural pause or filler word in this context.,"If you see any suspicious activity, report it to the authorities immediately.","A PAU (Prolonged Audible Unvoiced) dysfluency was detected in the original transcript, occurring between ""like"" and the pause before ""report"". This prolongation of the /k/ sound may be indicative of hesitation or searching for the right words. The likely correction is to remove the filler word ""like"", as it does not add significant meaning to the sentence, allowing for smoother articulation and more effective communication."
We need to improve our customer service ratings with.,INS,REP,0.8,The repeated use of 'need' suggests word repetition.,We need to improve our customer service ratings.,"A great example of a common dysfluency!

1. The specific dysfluency detected is Repetition (REP), which occurs when a speaker repeats part of their sentence, in this case, ""with"" at the end of the original transcript.
2. The likely correction is to remove the redundant word ""with"", resulting in the corrected version: ""We need to improve our customer service ratings."" This correction aims to eliminate the unnecessary repetition and promote more natural, fluent speech."
"Can you explain the side effects, you know, of this treatment?",INS,PAU,0.8,"The utterance 'you know' is an example of a filler phrase, which is an unnatural pause or filler word.",Can you explain the side effects of this treatment?,"A PAU (Prolonged Audible Unvoiced) dysfluency was detected at the beginning of the original transcript, specifically in the phrase ""Can you explain"". This indicates that the individual prolonged the sound /k/ before articulating the rest of the sentence. The likely correction is to remove the prolongation and articulate the sound normally, resulting in the corrected version ""Can you explain...""."
The weather forecast predicts heavy rain tomorrow were.,INS,DEL,0.8,The word 'rain' is missing from the original sentence.,The weather forecast predicts heavy rain tomorrow will.,"A great example of a common dysfluency!

1. The specific dysfluency detected is a deletion (DEL) error, occurring at the end of the sentence (""were"" instead of ""will""). This indicates that the speaker omitted or skipped over the correct word.
2. The likely correction is to replace ""were"" with ""will"", as it is the grammatically correct verb form to use in this context (predicting future weather)."
"In case of fire, use the stairs, well, not the elevator.",INS,PAU,0.8,"The phrase 'well' is an unnatural filler word that disrupts the normal flow of speech, indicating a pause or hesitation.","In case of fire, use the stairs, not the elevator.","A PAU (Prolonged Unstressed Vowel) dysfluency was detected at the word ""well"" in the original transcript. This type of dysfluency often indicates a hesitation or pause, which can be corrected by simply removing the unnecessary word to improve fluency and natural speech flow. The likely correction is replacing ""well, not"" with just ""not"", resulting in a more smooth and effortless utterance."
We need to discuss our vacation plans for next summer at...,INS,PAU,0.8,The short utterance and lack of content suggest an unnatural pause or filler word.,We need to discuss our vacation plans for next summer at some point.,"A PAU (Prolonged Audible Unvoiced) dysfluency was detected at the beginning of the original transcript, specifically on the word ""at"". This type of dysfluency typically occurs when an individual prolongs or repeats a sound, in this case, the /t/ sound. The likely correction is to add the word ""some"" before ""point"", resulting in the corrected sentence ""We need to discuss our vacation plans for next summer at some point."" This correction aims to reduce the dysfluency by providing a more natural and fluent phrase structure."
Have you seen my keys?,INS,PAU,0.8,The short utterance and lack of hesitation suggest a filler word is present.,Have you seen my keys?,"A PAU (Prolonged Audible Unvoiced) dysfluency was detected at the beginning of the original transcript, ""Have you seen my keys?"" Specifically, the word ""Have"" was prolonged for a brief duration before the normal speech rhythm resumed.

The likely correction is that there is no correction needed, as the PAU may be an artifact of the recording or a minor variation in articulation. The sentence structure and overall fluency appear to be intact, suggesting that the individual's communication skills are not significantly impacted by this brief dysfluency."
I can't well find them anywhere.,INS,DEL,0.8,"The word 'can' is missing, which is a common error in dysfluency detection",I can't seem to find them anywhere.,"A DEL (dysrhythmic error of articulation) was detected in the original transcript at the phrase ""can't well"". This type of dysfluency typically occurs when an individual struggles to articulate a word or sound, often resulting in a prolongation or repetition of sounds.

The likely correction is replacing ""well"" with ""seem"", as it is a more natural and fluent way to express the speaker's intended meaning. The corrected sentence ""I can't seem to find them anywhere"" better conveys the speaker's frustration and difficulty finding something, while also demonstrating improved articulation and fluency."
Don't forget to inform you bank about your travel plans.,PAU,PAU,0.8,"The utterance is natural and fluent, but the short pause before 'to' could be considered a filler word.",Don't forget to let your bank know about your travel plans.,"A PAU (Prolonged Audible Unvoiced) dysfluency was detected at the word ""inform"" in the original transcript. This type of dysfluency typically occurs when an individual prolongs or stretches a sound, often due to hesitation or uncertainty. The likely correction is replacing ""inform"" with ""let"", as it is a more natural and common way to express this idea, reducing the likelihood of the PAU occurring."
The latest software update includes several bug fixes and performance improvements.,PAU,NONE,1.0,No dysfluency detected in the given transcript.,The latest software update includes several bug fixes and performance enhancements.,"A review of the original transcript reveals no detectable dysfluency.

However, upon analyzing the text, I suggest that the phrase ""performance improvements"" may not be the most effective choice for conveying the intended meaning. The likely correction would be to replace ""improvements"" with ""enhancements"", as it is a more precise and technical term in the context of software updates. This change aims to maintain the original message's clarity and accuracy while using more specialized vocabulary."
The lecture on ancient civilizations was incredibly informative.,PAU,NONE,1.0,No dysfluency detected in the given transcript.,The lecture on ancient civilizations was incredibly interesting.,"A great example of a subtle yet important correction!

1. The specific dysfluency detected is an overuse of the word ""incredibly"", which is a linguistic habit known as hyperbole. This occurs at the end of the sentence, where the speaker uses the phrase ""incredibly informative"".
2. The likely correction is to replace ""informative"" with ""interesting"". This change is suggested because ""interesting"" is a more common and natural way to describe a lecture's impact on the listener, whereas ""informative"" may be perceived as overly formal or academic."
the new AI algorithm card and process data much faster than previous versions.,PAU,REP,0.8,"The word 'new' is repeated, which is not present in the original phrase",The new AI algorithm processes data much faster than previous versions.,"A dysfluency detection!

For your review:

1. The specific dysfluency detected is Repetition (REP), occurring at the beginning of the sentence (""the new AI algorithm""). This suggests that the individual may be relying on a familiar phrase or word, potentially due to linguistic or cognitive factors.
2. The likely correction is removing the unnecessary article ""the"" and replacing it with the correct indefinite article ""a"". This change simplifies the sentence structure and improves fluency by reducing the repetition of the same sound (""the"")."
The latest smartphone features an advanced facial recognition system.,PAU,NONE,1.0,No dysfluency detected in the given transcript.,The latest smartphone features an advanced facial recognition technology.,"A quick analysis!

1. No dysfluency was detected in this original transcript. The speaker's utterance appears to be fluent, with no noticeable disruptions or hesitations.
2. Since no dysfluency was present, there is no need for correction. However, if we were to suggest a minor improvement, it would be to replace ""system"" with ""technology"" to maintain consistency in using technical terms throughout the sentence. This change would enhance the overall clarity and precision of the speaker's message."
Call 911 immediately.,PAU,PAU,0.8,The short utterance and lack of hesitation suggest a filler word is likely present.,Call 911 right away.,"A PAU (Prolonged Audible Unvoiced) dysfluency was detected at the beginning of the original transcript, ""Call 911 immediately."" This type of dysfluency typically occurs when an individual prolongs or stretches a sound, often due to anxiety, hesitation, or difficulty articulating. The likely correction is to replace the prolonged ""C"" with a more natural and fluent pronunciation, resulting in ""Call 911 right away."""
If you see any suspicious activity.,PAU,PAU,0.8,The short utterance and lack of hesitation suggest a filler word or pause is present.,If you notice any suspicious activity.,"A PAU (Prolonged Audible Unvoiced) dysfluency was detected at the beginning of the original transcript, specifically in the phrase ""If you see"". This indicates that the individual may be experiencing a slight hesitation or prolongation when articulating the initial consonant sound /f/. The likely correction is to replace the PAU with a more natural and fluent utterance, such as ""If you notice"", which maintains the same meaning but eliminates the dysfluency."
"In the event of severe weather, stay indoors and follow official guidance.",PAU,PAU,0.8,"The short utterance 'and follow official guidance' is an unnatural pause, indicating a filler word or pause.","In the event of severe weather, stay indoors and follow official guidance.","A PAU (Prolonged Audible Unvoiced) dysfluency was detected at the beginning of the original transcript, specifically on the word ""In"". This type of dysfluency typically occurs when an individual prolongs or stretches a sound, often due to anxiety, nervousness, or hesitation. The likely correction is to maintain the original sentence structure and wording, as the message remains clear and effective without modification."
The movie was great but the ending was unexpected.,PAU,PAU,0.8,The short pause between 'great' and 'but' is an unnatural filler word.,"The movie was great, and the ending was really unexpected.","A PAU (Prolonged Audible Unvoiced) dysfluency was detected at the beginning of the sentence, specifically on the word ""great"". This indicates that the individual prolonged the initial /g/ sound, making it audible to the listener. The likely correction is to insert a soft pause or a brief hesitation before the word ""and"", allowing for a more natural flow and reducing the prolongation."
Be sure to check the weather forecast before,PAU,REP,0.8,The word 'the' is repeated in the transcript.,Before checking the weather forecast,"A REP (repetition) dysfluency was detected at the beginning of the original transcript, specifically in the phrase ""Be sure to check"". The speaker repeated the words ""to check"" before moving forward with the sentence. A likely correction would be to rephrase the sentence as ""Before checking the weather forecast"", which eliminates the repetition and allows for smoother speech flow. This correction aims to reduce the speaker's reliance on repetitive language patterns, promoting more efficient and natural communication."
Planning outdoor activities,PAU,PAU,0.8,The short utterance and lack of natural pause suggest a filler word or pause is present.,Planning outdoor activities.,"A PAU (Prolonged Audible Unvoiced) dysfluency was detected at the beginning of the original transcript ""Planning outdoor activities"". This type of dysfluency typically occurs when an individual prolongs the sound of a consonant, such as /p/, before articulating the following vowel. The likely correction is to remove the prolonged sound and pronounce the sentence normally, resulting in the corrected version ""Planning outdoor activities."""
The company's financial report exceeded.,PAU,REP,0.8,The repeated 'the' is likely a result of word repetition.,The company's financial report was excellent.,"A great example of a common dysfluency!

1. The specific dysfluency detected is Repetition (REP), which occurred at the end of the sentence, specifically with the word ""exceeded"". The speaker repeated the verb ""exceeded"" instead of providing a more accurate or complete thought.
2. The likely correction is to replace ""exceeded"" with ""was excellent"", indicating that the financial report met or surpassed expectations. This correction addresses the REP by providing a more natural and grammatically correct sentence structure, allowing for clearer communication."
Investor expectations.,PAU,REP,1.0,The word 'the' is repeated in the original phrase.,Expectations of investors.,"A great example!

1. The specific dysfluency detected is Repetition (REP), which occurred at the beginning of the sentence, specifically with the word ""Investor"". This indicates that the individual may be having difficulty articulating or initiating their response.
2. The likely correction is to rephrase the sentence as ""Expectations of investors"", which removes the repetition and provides a more natural flow of language. This suggests that the individual may benefit from strategies to improve their fluency, such as pausing before speaking or using visual aids to support communication."
The new operating system features improved battery.,PAU,REP,0.8,The word 'the' is repeated at the beginning of the sentence.,The new operating system features improved battery life.,"A dysfluency detection!

For your review:

1. The specific dysfluency detected is Repetition (REP), occurring at the end of the sentence, specifically with the word ""battery"".
2. The likely correction is to add the phrase ""life"" after ""battery"", resulting in ""The new operating system features improved battery life"". This correction addresses the REP by providing a more complete and natural-sounding phrase, allowing for smoother articulation and flow."
Optimization.,PAU,REP,1.0,"The word 'the' is typically expected in the phrase 'optimization of', but it is missing.",To optimize.,"A REP (repetition) dysfluency was detected at the beginning of the original transcript ""Optimization."" The speaker repeated the initial sound or syllable, resulting in an unnatural pause before articulating the intended word. The likely correction is to replace the repetition with the correct first syllable ""To,"" as it is a more typical and efficient way to begin the sentence."
"Given your family history, I'd recommend regular screenings as the precautionary measure.",PAU,NONE,1.0,No dysfluency detected in the given transcript,"Given your family history, I would recommend regular screenings as a precautionary measure.","A nice example of a minor correction!

1. The specific dysfluency detected is an omission of the verb ""would"" at the end of the sentence, which is a common error in informal speech. This omission occurs after the phrase ""I'd recommend"".
2. The likely correction is to add the verb ""would"" to the sentence, making it ""I would recommend"". This correction is necessary to maintain grammatical accuracy and clarity in communication."
Which restaurant would you prefer for?,PAU,PAU,0.8,The short utterance and lack of a complete sentence suggest an unnatural pause or filler word.,Which restaurant would you like to go to?,"A PAU (Prolonged Audible Unvoiced) dysfluency was detected at the beginning of the original transcript, specifically on the word ""prefer"". This type of dysfluency often indicates a momentary hesitation or struggle to initiate speech. The likely correction is to add the phrase ""like to"" to create a more natural and fluent sentence structure, as it allows for a smoother transition from the question to the desired outcome."
Dinner tonight?,PAU,PAU,0.8,The short utterance and lack of content suggest a filler word or pause is present.,What's for dinner tonight?,"A PAU (Prolonged Audible Unvoiced) dysfluency was detected at the beginning of the original transcript, specifically on the word ""Dinner"". This indicates that the individual prolonged the initial /d/ sound, making it audible to the listener. The likely correction is replacing the original phrase with ""What's for dinner tonight?"" which addresses the dysfluency by providing a more natural and fluent way to initiate the sentence."
We need to evacuate the building immediately.,PAU,PAU,0.8,The short utterance and lack of hesitation suggest a filler word was used to pause before speaking.,We need to evacuate the building right away.,"A PAU (Prolonged Audible Unvoiced) dysfluency was detected at the beginning of the original transcript, specifically on the word ""need"". This indicates that the speaker prolonged the initial consonant sound (/n/) before articulating the rest of the word. The likely correction is to remove the prolongation and pronounce the word with normal fluency, resulting in the corrected sentence ""We need to evacuate the building right away."""
How may I assist you today?,PAU,PAU,0.8,The utterance is short and the filler word 'may' could be considered an unnatural pause or filler.,What can I help you with?,"A PAU (Prolonged Audible Unvoiced) dysfluency was detected at the beginning of the original transcript, specifically on the word ""How"". This indicates that the speaker prolonged the initial /h/ sound, making it audible to the listener. The likely correction is replacing the original phrase with ""What can I help you with?"", which eliminates the prolongation and results in a more natural and fluent utterance."
"If you see smoke off fire, pull the alarm immediately.",PAU,PAU,0.8,"The short utterance 'immediately' is an unnatural pause, indicating a filler word.","If you see smoke coming from a fire, pull the alarm immediately.","A PAU (Prolonged Unstressed Vowel) dysfluency was detected in the original transcript, specifically in the phrase ""off fire"". This indicates that the speaker prolonged the unstressed vowel sound (""of"") before the word ""fire"", which may be a habitual pattern or a result of linguistic processing difficulties. The likely correction is to replace ""off"" with ""coming from"", as this more accurately conveys the intended meaning and reduces the likelihood of dysfluency."
The market shows passive trends.,SUB,REP,0.8,The repeated 'the' is a common indicator of word repetition.,The market exhibits passive trends.,"A great example of a common speech error!

1. The specific dysfluency detected is a Repetition (REP) error, which occurred at the beginning of the sentence (""The market shows passive trends""). The speaker repeated the word ""shows"" instead of using a more accurate verb.
2. The likely correction is to replace ""shows"" with ""exhibits"", as it is a more suitable verb to describe the market's trends. This correction addresses the REP error by providing a more precise and grammatically correct phrase, allowing for clearer communication."
Please proceed with the installation progress.,SUB,REP,0.8,"The word 'the' is repeated in the phrase 'installation progress', which is an unusual occurrence.",Please proceed with the installation.,"A great example of a common speech disorder!

For your reference:

1. The specific dysfluency detected is Repetition (REP), which occurred at the beginning of the sentence (""Please proceed with the installation progress""). The speaker repeated the word ""please"" instead of moving on to the next phrase.
2. The likely correction is to remove the redundant repetition, resulting in a more fluent and natural-sounding sentence: ""Please proceed with the installation."" This correction aims to reduce the unnecessary repetition and promote smoother speech flow."
the Professor Disguised Quantum Mechanics.,SUB,REP,0.8,The repeated use of the definite article 'the' is a characteristic feature of word repetition.,Professor explains quantum mechanics.,"A great example of a common dysfluency!

1. The specific dysfluency detected is Repetition (REP), which occurred at the beginning of the sentence (""the Professor...""). This indicates that the speaker may have had difficulty initiating their thought or phrase.
2. The likely correction is to simplify the sentence structure and eliminate the unnecessary word ""the"". In this case, the corrected version (""Professor explains quantum mechanics"") is more natural and fluent because it eliminates the repetition and allows for a smoother flow of information."
the strategy focuses on sustainable grown.,SUB,DEL,0.8,The word 'development' is missing from the original phrase.,the strategy focuses on sustainable growth.,"A DEL (dysfluency) was detected at the word ""grown"" in the original transcript, indicating a pause or hesitation before articulating the sound. The likely correction is replacing ""grown"" with ""growth"", as the intended meaning is to refer to the process of growth rather than a type of plant that has grown. This correction addresses the dysfluency by providing a more natural and fluent way of expressing the idea."
We should improve determination.,SUB,DEL,0.8,The word 'the' is missing from the original phrase.,We should really improve our determination.,"A DEL (dysrhythmic error of articulation) was detected in the original transcript at the word ""improve"". This type of dysfluency typically occurs when an individual has difficulty articulating a sound or syllable, resulting in a stuttered or repeated sound.

The likely correction is to add the word ""really"" before ""improve"", as this would help to clarify the intended meaning and provide a smoother flow of speech."
She perceives an ODA message yesterday.,SUB,DEL,0.8,"The word 'an' is missing from the original phrase, which should be 'She perceives an ODA message yesterday', indicating a deletion of the word 'an'.",She perceived an ODA message yesterday.,"A DEL (dysrhythmic error) was detected in the original transcript, occurring at the verb phrase ""perceives an ODA message"". This indicates a hesitation or pause during speech production, potentially affecting fluency. The likely correction is to change ""perceives"" to ""perceived"", as the correct tense of the verb would be past simple (""yesterday"") rather than present continuous."
The conference addressed global balances.,SUB,DEL,0.8,"The word 'global' is not typically used in the context of a conference addressing balances, suggesting that it may have been deleted from the original utterance.",The conference addressed global economic balances.,"A great example of a common dysfluency!

1. The specific dysfluency detected is a deletion (DEL), which occurred at the end of the sentence, specifically with the words ""economic"" being omitted.
2. The likely correction is to add the word ""economic"" to the original transcript, resulting in ""The conference addressed global economic balances."" This correction is necessary because the speaker intended to convey information about the economic aspects of global balances, and the omission of this crucial detail would have resulted in a lack of clarity or accuracy in their message."
the research-reduced significant findings.,SUB,REP,0.8,The repeated hyphenation of 'research-reduced' suggests word repetition.,Significant findings from the research.,"A great example of a common dysfluency!

1. The specific dysfluency detected is Repetition (REP), which occurred at the beginning of the sentence, specifically with the word ""the"".
2. The likely correction is to remove the redundant word ""the"" and replace it with a more natural phrase structure. In this case, the corrected version would be ""Significant findings from the research."" This change eliminates the unnecessary repetition and improves the overall flow and clarity of the sentence."
We need to vindicate these research findings.,SUB,NONE,0.0,No dysfluency detected in the given transcript.,We need to validate these research findings.,"To the clinician:

No dysfluency was detected in the original transcript. However, I identified an opportunity for improvement in the phrase ""vindicate these research findings."" The likely correction is to replace ""vindicate"" with ""validate,"" as ""vindicate"" typically means to clear someone's reputation or prove their innocence, whereas ""validate"" means to confirm the accuracy or truth of something."
Students should practice proper renunciation.,SUB,REP,0.8,"The word 'proper' is repeated in the phrase 'proper renunciation', which is an unusual phrasing and suggests a dysfluency.",Students should practice proper pronunciation.,"A common one!

To the clinician: A repetition dysfluency (REP) was detected in the original transcript, specifically in the word ""renunciation"". The likely correction is replacing ""renunciation"" with ""pronunciation"", as the speaker intended to convey proper articulation skills rather than a formal act of giving up or disclaiming something."
We need to project endangered species.,SUB,NONE,1.0,No dysfluency detected in the given transcript.,We need to protect endangered species.,"A straightforward one!

1. No dysfluency was detected; therefore, no specific dysfluency was identified.
2. The original transcript ""We need to project endangered species"" suggests a minor linguistic error, likely due to semantic confusion between the words ""project"" (meaning to plan or undertake) and ""protect"" (meaning to safeguard). The likely correction is replacing ""project"" with ""protect"", as it aligns more closely with the intended meaning of conserving endangered species."
She presented the financial foremost.,SUB,REP,0.8,"The word 'financial' is repeated as 'foremost', which is an unusual and uncommon way to express the intended meaning.",She presented the financial report first.,"A great example of a common dysfluency!

1. The specific dysfluency detected is Repetition (REP), which occurred at the beginning of the sentence, specifically with the word ""financial"".
2. The likely correction is to replace ""foremost"" with ""report"", as it's more semantically accurate and grammatically correct. This correction addresses the repetition error by providing a clear and concise meaning for the speaker's intended message."
The system requires regular debates.,SUB,NONE,1.0,No dysfluency detected in the transcript.,The system requires regular debate.,"A quick analysis!

1. No dysfluency was detected, which means there are no speech errors or disruptions in the original transcript ""The system requires regular debates.""
2. Since no dysfluency was found, there is no need for a correction. The sentence appears to be spoken fluently and accurately, with no obvious errors in articulation, syntax, or prosody."
The team showed great medication.,SUB,DEL,0.8,The word 'great' is missing from the expected phrase 'showed great'.,The team showed great dedication.,"A common error!

For your review:

1. The specific dysfluency detected is a deletion (DEL) of the word ""dedication"" from the original sentence, occurring between ""showed"" and ""great"".
2. The likely correction is replacing ""medication"" with ""dedication"", as it is a more semantically appropriate and grammatically correct phrase to describe the team's effort or commitment."
Students must complete their thesis prospect.,SUB,DEL,0.8,"The word 'a' or 'the' is typically present before the noun 'thesis prospect', but it's missing in this transcript.",Students must complete their thesis proposal.,"A DEL (dysrhythmic error of articulation) was detected in the original transcript, specifically in the phrase ""thesis prospect"". This type of error typically occurs when an individual substitutes one sound for another or omits a sound altogether. The likely correction is replacing ""prospect"" with ""proposal"", as the correct term in academic contexts refers to a written document outlining research plans and goals."
She specialises in cognitive mythology.,SUB,REP,0.8,"The word 'the' is repeated in the phrase 'specialises in', which is an unusual occurrence.",She specializes in cognitive mythology.,"A dysfluency detection!

For your review:

1. The specific dysfluency detected is Repetition (REP), occurring at the word ""specialises"" in the original transcript.
2. The likely correction is to replace the repeated ""-s"" with a single ""-z"", resulting in ""specializes"". This correction is based on standard English spelling rules, as ""specialize"" is the correct verb form in this context."
There resulted significant progress.,SUB,DEL,0.8,"The word 'was' is expected to be present in the sentence, but it's missing.","As a result, there was significant progress.","A DEL (dysrhythmic error) was detected at the beginning of the original transcript ""There resulted significant progress."" This type of dysfluency occurs when a speaker starts a sentence with an incorrect word or phrase, which can disrupt the natural flow of speech.

The likely correction is to rephrase the sentence to ""As a result, there was significant progress."" The corrected version uses the more common and idiomatic phrase ""as a result,"" which clarifies the relationship between the cause and effect being described."
